1,Find some results about how effective was the energy optimisation provided by energenious
2,Find energenious contact information
3,Find energenious features
4,Find the login page for registered users 
5,Find energenious partners 
6,Find the survey page
7,Find information about the scope of energenious 
8,Find the latest information about energenious
9,Find energenious team structure
10,Find the services offered by energenious and then find contact information for a first contact
11,Find DER definition?
12,Find out why can you benefit from energenious
